occurrence_year,occurrence_date,occurrence_time,primary_offence,arrest_made,hour
2018,2018-01-03,12:00,Wilful Promotion of Hatred,NO,12
2018,2018-01-08,17:57,Assault,YES,17
2018,2018-01-10,21:45,Mischief Under $5000,NO,21
2018,2018-01-19,20:21,Mischief Under $5000,NO,20
2018,2018-01-19,18:00,Assault,NO,18
2018,2018-01-26,18:00,Mischief Under $5000,NO,18
2018,2018-01-27,11:58,Mischief Under $5000,NO,11
2018,2018-02-01,10:00,Uttering Threats - Bodily Harm,NO,10
2018,2018-02-01,01:27,Mischief Under $5000,NO,1
2018,2018-02-02,09:00,Mischief Under $5000,NO,9
2018,2018-02-05,12:57,Mischief Under $5000,NO,12
2018,2018-02-12,21:40,Assault,NO,21
2018,2018-02-13,06:00,Mischief Under $5000,NO,6
2018,2018-02-16,13:00,Uttering Threats - Bodily Harm,NO,13
2018,2018-02-17,17:55,Assault,NO,17
2018,2018-02-20,21:36,Mischief Under $5000,NO,21
2018,2018-02-21,09:00,Mischief Under $5000,NO,9
2018,2018-02-22,05:00,Mischief Under $5000,NO,5
2018,2018-02-23,16:10,Assault,YES,16
2018,2018-02-24,10:45,Mischief Under $5000,NO,10
2018,2018-02-27,09:43,Assault,YES,9
2018,2018-03-01,15:45,Criminal Harassment,NO,15
2018,2018-03-05,11:00,Mischief Interfere With Property,NO,11
2018,2018-03-06,07:00,Uttering Threats - Bodily Harm,NO,7
2018,2018-03-06,14:30,Uttering Threats - Bodily Harm,NO,14
2018,2018-03-09,19:00,Mischief Under $5000,NO,19
2018,2018-03-16,18:00,Mischief Under $5000,NO,18
2018,2018-03-22,06:20,Mischief Under $5000,NO,6
2018,2018-03-27,21:30,Mischief Interfere With Property,NO,21
2018,2018-03-28,13:45,Mischief Under $5000,NO,13
2018,2018-03-28,13:57,Uttering Threats - Bodily Harm,YES,13
2018,2018-04-08,16:00,"Mischief To Religious Property, Educational Institutions, Etc.",NO,16
2018,2018-04-12,08:12,Assault With a Weapon,YES,8
2018,2018-04-13,10:45,Criminal Harassment,NO,10
2018,2018-04-13,09:00,Assault Causing Bodily Harm,YES,9
2018,2018-04-14,17:09,Uttering Threats - Bodily Harm,NO,17
2018,2018-04-15,10:49,Assault,YES,10
2018,2018-04-16,06:20,Assault With a Weapon,YES,6
2018,2018-04-19,02:58,Mischief Under $5000,NO,2
2018,2018-04-20,20:30,Assault,NO,20
2018,2018-04-20,16:00,Mischief Interfere With Property,NO,16
2018,2018-04-22,19:26,Uttering Threats - Bodily Harm,NO,19
2018,2018-04-25,19:00,Mischief Under $5000,YES,19
2018,2018-04-26,00:01,Assault,NO,0
2018,2018-04-28,21:00,Mischief Under $5000,NO,21
2018,2018-05-05,01:05,Assault,NO,1
2018,2018-05-14,06:15,Mischief Under $5000,NO,6
2018,2018-05-16,09:51,Uttering Threats - Bodily Harm,NO,9
2018,2018-05-17,18:25,Mischief Interfere With Property,NO,18
2018,2018-05-19,14:50,Assault With a Weapon,YES,14
2018,2018-05-21,09:48,Mischief Under $5000,NO,9
2018,2018-05-24,00:01,Mischief Under $5000,NO,0
2018,2018-05-29,17:00,Uttering Threats - Bodily Harm,NO,17
2018,2018-05-29,20:30,"Mischief To Religious Property, Educational Institutions, Etc.",NO,20
2018,2018-05-31,12:12,Mischief Under $5000,NO,12
2018,2018-05-31,19:00,Mischief Under $5000,NO,19
2018,2018-06-01,12:25,"Mischief To Religious Property, Educational Institutions, Etc.",NO,12
2018,2018-06-06,15:57,Assault,YES,15
2018,2018-06-06,15:00,Assault,YES,15
2018,2018-06-06,21:52,Assault,YES,21
2018,2018-06-07,19:52,Assault,YES,19
2018,2018-06-12,05:50,Uttering Threats - Bodily Harm,YES,5
2018,2018-06-22,14:18,Uttering Threats - Property,YES,14
2018,2018-06-23,07:46,Mischief Under $5000,NO,7
2018,2018-06-24,05:53,Uttering Threats - Bodily Harm,NO,5
2018,2018-06-26,07:00,Arson,NO,7
2018,2018-06-26,14:52,Public Incitement of Hatred,NO,14
2018,2018-06-27,17:00,Mischief Under $5000,NO,17
2018,2018-06-29,07:36,Mischief Under $5000,NO,7
2018,2018-07-04,16:00,Assault,NO,16
2018,2018-07-10,00:00,Mischief Under $5000,NO,0
2018,2018-07-14,04:45,Assault,NO,4
2018,2018-07-21,13:04,"Mischief To Religious Property, Educational Institutions, Etc.",NO,13
2018,2018-07-23,18:23,Assault,YES,18
2018,2018-07-23,00:00,Theft,NO,0
2018,2018-07-24,19:00,Mischief Under $5000,NO,19
2018,2018-07-26,17:00,Mischief Under $5000,NO,17
2018,2018-07-29,18:42,Mischief Under $5000,NO,18
2018,2018-07-31,20:00,"Mischief To Religious Property, Educational Institutions, Etc.",NO,20
2018,2018-08-02,12:00,Mischief Under $5000,NO,12
2018,2018-08-03,11:48,Mischief Under $5000,NO,11
2018,2018-08-03,12:00,Mischief Under $5000,NO,12
2018,2018-08-08,18:19,Assault With a Weapon,NO,18
2018,2018-08-09,19:39,Assault,YES,19
2018,2018-08-11,11:30,Mischief Under $5000,NO,11
2018,2018-08-12,17:20,Assault,NO,17
2018,2018-08-14,10:00,Mischief Under $5000,NO,10
2018,2018-08-14,00:01,Indecent Communications,YES,0
2018,2018-08-19,15:46,Mischief Under $5000,NO,15
2018,2018-08-20,00:01,"Mischief To Religious Property, Educational Institutions, Etc.",NO,0
2018,2018-08-21,21:00,Assault,NO,21
2018,2018-08-22,16:45,Mischief Under $5000,NO,16
2018,2018-08-25,23:10,Assault With a Weapon,NO,23
2018,2018-08-27,14:57,Mischief Under $5000,NO,14
2018,2018-08-30,00:00,Mischief Under $5000,NO,0
2018,2018-08-31,13:15,Assault,NO,13
2018,2018-09-04,08:00,Mischief Under $5000,NO,8
2018,2018-09-04,09:00,Mischief Under $5000,NO,9
2018,2018-09-05,19:30,Mischief Under $5000,NO,19
2018,2018-09-15,23:57,Uttering Threats - Bodily Harm,YES,23
2018,2018-09-19,13:00,Mischief Interfere With Property,NO,13
2018,2018-09-20,16:00,"Mischief To Religious Property, Educational Institutions, Etc.",NO,16
2018,2018-09-21,22:33,Mischief Under $5000,NO,22
2018,2018-09-21,00:01,Uttering Threats - Bodily Harm,NO,0
2018,2018-10-01,00:00,Mischief Under $5000,NO,0
2018,2018-10-02,12:00,Indecent Communications,NO,12
2018,2018-10-04,00:01,Indecent Communications,NO,0
2018,2018-10-05,16:00,"Mischief To Religious Property, Educational Institutions, Etc.",NO,16
2018,2018-10-07,20:00,"Mischief To Religious Property, Educational Institutions, Etc.",NO,20
2018,2018-10-07,12:30,"Mischief To Religious Property, Educational Institutions, Etc.",NO,12
2018,2018-10-08,12:40,Mischief Under $5000,NO,12
2018,2018-10-09,08:00,Mischief Under $5000,NO,8
2018,2018-10-22,14:17,Mischief Under $5000,YES,14
2018,2018-10-25,07:10,Assault,NO,7
2018,2018-10-26,08:00,Mischief Under $5000,NO,8
2018,2018-10-27,00:00,Mischief Under $5000,NO,0
2018,2018-10-27,09:08,Mischief Under $5000,NO,9
2018,2018-10-29,22:04,Mischief Under $5000,NO,22
2018,2018-10-30,16:00,Mischief Under $5000,NO,16
2018,2018-10-30,13:09,Criminal Harassment,YES,13
2018,2018-11-04,11:36,Assault With a Weapon,YES,11
2018,2018-11-04,11:13,Mischief Under $5000,NO,11
2018,2018-11-08,00:01,Uttering Threats - Bodily Harm,NO,0
2018,2018-11-10,00:13,Mischief Under $5000,NO,0
2018,2018-11-11,20:02,Robbery,NO,20
2018,2018-11-18,11:10,Assault,NO,11
2018,2018-11-19,15:05,Mischief Under $5000,NO,15
2018,2018-11-21,11:51,Assault,NO,11
2018,2018-11-22,12:27,Mischief Under $5000,NO,12
2018,2018-11-26,16:12,Criminal Harassment,NO,16
2018,2018-12-05,13:00,Criminal Harassment,NO,13
2018,2018-12-06,11:19,Criminal Harassment,NO,11
2018,2018-12-08,21:00,Mischief Under $5000,NO,21
2019,2019-01-01,12:00,Mischief Under $5000,NO,12
2019,2019-01-12,01:00,Assault,NO,1
2019,2019-01-16,16:00,Mischief Under $5000,NO,16
2019,2019-01-23,14:15,Mischief Under $5000,NO,14
2019,2019-01-25,23:00,Assault,YES,23
2019,2019-01-26,13:35,Uttering Threats - Bodily Harm,NO,13
2019,2019-01-27,03:00,Mischief Interfere With Property,NO,3
2019,2019-02-07,17:00,"Mischief To Religious Property, Educational Institutions, Etc.",YES,17
2019,2019-02-11,00:00,Mischief Under $5000,NO,0
2019,2019-02-22,23:00,Mischief Under $5000,NO,23
2019,2019-02-23,10:00,Mischief Under $5000,NO,10
2019,2019-02-26,00:00,Mischief Under $5000,NO,0
2019,2019-02-27,07:00,Mischief Under $5000,NO,7
2019,2019-03-02,19:53,Assault,NO,19
2019,2019-03-02,00:01,Uttering Threats - Bodily Harm,NO,0
2019,2019-03-09,08:28,Uttering Threats - Bodily Harm,NO,8
2019,2019-03-10,15:04,Uttering Threats - Bodily Harm,YES,15
2019,2019-03-14,01:43,Assault,NO,1
2019,2019-03-15,16:00,Wilful Promotion of Hatred,NO,16
2019,2019-03-16,10:46,Mischief Under $5000,NO,10
2019,2019-03-18,10:00,"Mischief To Religious Property, Educational Institutions, Etc.",NO,10
2019,2019-03-23,14:16,Mischief Under $5000,NO,14
2019,2019-03-25,03:53,Criminal Harassment,NO,3
2019,2019-04-06,22:30,Mischief Under $5000,NO,22
2019,2019-04-08,12:00,Criminal Harassment,NO,12
2019,2019-04-09,18:00,"Mischief To Religious Property, Educational Institutions, Etc.",NO,18
2019,2019-04-10,12:00,Criminal Harassment,NO,12
2019,2019-04-10,10:15,Mischief Under $5000,NO,10
2019,2019-04-13,02:57,Assault,NO,2
2019,2019-04-21,15:00,"Mischief To Religious Property, Educational Institutions, Etc.",NO,15
2019,2019-04-25,10:10,Mischief Under $5000,NO,10
2019,2019-04-30,09:00,Criminal Harassment,NO,9
2019,2019-05-05,12:36,Mischief Under $5000,NO,12
2019,2019-05-07,15:19,Criminal Harassment,NO,15
2019,2019-05-09,13:10,Mischief Under $5000,NO,13
2019,2019-05-10,21:00,Assault,NO,21
2019,2019-05-10,12:00,Uttering Threats - Bodily Harm,NO,12
2019,2019-05-12,17:50,Disturbing Religious Worship Or Certain Meetings,NO,17
2019,2019-05-15,07:00,Mischief Under $5000,NO,7
2019,2019-05-17,19:43,Uttering Threats - Bodily Harm,NO,19
2019,2019-05-17,09:51,Uttering Threats - Bodily Harm,YES,9
2019,2019-05-19,08:33,Mischief Under $5000,NO,8
2019,2019-05-20,12:00,Uttering Threats - Bodily Harm,YES,12
2019,2019-05-22,18:00,Mischief Under $5000,NO,18
2019,2019-05-28,12:00,Assault,NO,12
2019,2019-05-29,10:00,Criminal Harassment,NO,10
2019,2019-05-31,12:05,Criminal Harassment,NO,12
2019,2019-05-31,00:30,Uttering Threats - Bodily Harm,NO,0
2019,2019-06-01,07:00,Criminal Harassment,NO,7
2019,2019-06-03,17:45,Mischief Under $5000,NO,17
2019,2019-06-03,18:00,Mischief Interfere With Property,NO,18
2019,2019-06-04,17:50,Causing a Disturbance,YES,17
2019,2019-06-07,00:00,Mischief Under $5000,NO,0
2019,2019-06-08,01:30,Assault,NO,1
2019,2019-06-11,13:54,Assault,YES,13
2019,2019-06-15,20:00,Mischief Interfere With Property,NO,20
2019,2019-06-17,19:16,Mischief Under $5000,NO,19
2019,2019-06-17,10:00,Assault,NO,10
2019,2019-06-19,02:30,Assault,NO,2
2019,2019-06-19,10:45,Assault,NO,10
2019,2019-06-20,19:00,"Mischief To Religious Property, Educational Institutions, Etc.",NO,19
2019,2019-06-23,20:00,Mischief Under $5000,NO,20
2019,2019-06-24,13:25,Criminal Harassment,NO,13
2019,2019-06-26,21:26,Assault,YES,21
2019,2019-06-27,23:30,Mischief Under $5000,NO,23
2019,2019-06-30,12:00,Mischief Under $5000,NO,12
2019,2019-07-02,07:30,Assault,NO,7
2019,2019-07-04,19:00,Mischief Under $5000,YES,19
2019,2019-07-08,17:00,Mischief Under $5000,NO,17
2019,2019-07-08,18:00,Mischief Under $5000,NO,18
2019,2019-07-09,22:00,Uttering Threats - Bodily Harm,YES,22
2019,2019-07-12,11:33,Uttering Threats - Bodily Harm,YES,11
2019,2019-07-15,11:44,Mischief Interfere With Property,NO,11
2019,2019-07-16,10:15,Assault,YES,10
2019,2019-07-18,18:15,"Mischief To Religious Property, Educational Institutions, Etc.",NO,18
2019,2019-07-19,12:52,Uttering Threats - Bodily Harm,NO,12
2019,2019-07-20,13:50,Assault,YES,13
2019,2019-07-22,00:00,Mischief Under $5000,NO,0
2019,2019-07-24,00:00,Mischief Interfere With Property,NO,0
2019,2019-07-25,16:00,Mischief Under $5000,NO,16
2019,2019-07-26,22:02,Uttering Threats - Bodily Harm,YES,22
2019,2019-07-28,10:30,Mischief Under $5000,NO,10
2019,2019-07-28,22:30,Uttering Threats - Property,NO,22
2019,2019-08-06,20:30,Mischief Under $5000,NO,20
2019,2019-08-11,00:00,Mischief Under $5000,NO,0
2019,2019-08-12,12:06,Assault,YES,12
2019,2019-08-15,13:29,Mischief Under $5000,NO,13
2019,2019-08-16,13:12,Mischief Under $5000,NO,13
2019,2019-08-16,00:00,Mischief Under $5000,YES,0
2019,2019-08-18,23:34,Mischief Under $5000,NO,23
2019,2019-08-20,20:17,Mischief Under $5000,YES,20
2019,2019-08-21,14:55,Mischief Under $5000,NO,14
2019,2019-08-22,04:45,Mischief Under $5000,NO,4
2019,2019-08-22,09:44,Uttering Threats - Property,NO,9
2019,2019-08-23,21:20,Assault,NO,21
2019,2019-08-23,14:00,Mischief Under $5000,NO,14
2019,2019-08-25,18:00,Mischief Under $5000,NO,18
2019,2019-08-26,20:45,Wilful Promotion of Hatred,NO,20
2019,2019-08-30,19:21,Mischief Under $5000,NO,19
2019,2019-08-31,12:25,Mischief Under $5000,NO,12
2019,2019-09-01,19:00,Uttering Threats - Bodily Harm,NO,19
2019,2019-09-02,15:30,Assault,NO,15
2019,2019-09-03,13:44,Mischief Under $5000,NO,13
2019,2019-09-03,11:00,Assault With a Weapon,NO,11
2019,2019-09-05,08:00,"Mischief To Religious Property, Educational Institutions, Etc.",NO,8
2019,2019-09-05,19:00,Mischief Under $5000,NO,19
2019,2019-09-07,18:00,Mischief Under $5000,NO,18
2019,2019-09-10,13:00,Assault,NO,13
2019,2019-09-10,10:00,Advocating Genocide,NO,10
2019,2019-09-11,09:00,Mischief Under $5000,NO,9
2019,2019-09-11,08:00,Mischief Under $5000,NO,8
2019,2019-09-17,21:00,Uttering Threats - Bodily Harm,YES,21
2019,2019-09-21,20:00,Uttering Threats - Bodily Harm,NO,20
2019,2019-09-25,13:42,Mischief Under $5000,NO,13
2019,2019-09-25,03:13,Firearms Related Offence,NO,3
2019,2019-09-25,23:20,Uttering Threats - Bodily Harm,NO,23
2019,2019-09-30,19:44,Mischief Under $5000,NO,19
2019,2019-10-06,00:00,Uttering Threats - Bodily Harm,NO,0
2019,2019-10-07,09:59,Mischief Under $5000,NO,9
2019,2019-10-14,10:30,Uttering Threats - Bodily Harm,NO,10
2019,2019-10-16,00:00,"Mischief To Religious Property, Educational Institutions, Etc.",NO,0
2019,2019-10-22,10:00,Mischief Under $5000,NO,10
2019,2019-11-06,11:15,Mischief Under $5000,NO,11
2019,2019-11-07,19:57,Uttering Threats - Bodily Harm,YES,19
2019,2019-11-11,08:00,Mischief Under $5000,YES,8
2019,2019-11-13,01:43,Uttering Threats - Bodily Harm,NO,1
2019,2019-11-13,14:20,Assault,NO,14
2019,2019-11-17,00:56,Mischief Under $5000,NO,0
2019,2019-11-20,18:40,Public Incitement of Hatred,NO,18
2019,2019-11-22,14:00,Assault,NO,14
2019,2019-11-24,18:00,Uttering Threats - Bodily Harm,NO,18
2019,2019-12-03,09:30,Mischief Under $5000,YES,9
2019,2019-12-06,22:00,Mischief Under $5000,NO,22
2019,2019-12-11,16:00,Mischief Under $5000,NO,16
2019,2019-12-30,11:23,Mischief Under $5000,NO,11
2020,2020-01-01,22:31,Mischief Under $5000,NO,22
2020,2020-01-05,07:00,Mischief Under $5000,NO,7
2020,2020-01-08,02:10,Assault With a Weapon,YES,2
2020,2020-01-09,12:57,Mischief Under $5000,NO,12
2020,2020-01-09,10:00,Assault,NO,10
2020,2020-01-10,16:05,Mischief Under $5000,NO,16
2020,2020-01-14,12:15,Assault,NO,12
2020,2020-01-17,15:43,Mischief Under $5000,NO,15
2020,2020-01-18,08:50,Mischief Under $5000,NO,8
2020,2020-01-19,22:00,Mischief Interfere With Property,NO,22
2020,2020-01-20,22:40,Mischief Under $5000,NO,22
2020,2020-01-20,12:00,Mischief Under $5000,NO,12
2020,2020-01-20,08:45,Assault,NO,8
2020,2020-01-27,14:00,Public Incitement of Hatred,NO,14
2020,2020-01-30,10:00,Mischief Interfere With Property,NO,10
2020,2020-02-02,14:40,Assault,NO,14
2020,2020-02-07,14:30,Robbery,YES,14
2020,2020-02-07,20:00,"Mischief To Religious Property, Educational Institutions, Etc.",NO,20
2020,2020-02-11,23:59,Mischief Under $5000,NO,23
2020,2020-02-11,09:25,Mischief Interfere With Property,NO,9
2020,2020-02-18,22:05,Criminal Harassment,NO,22
2020,2020-02-21,08:32,Mischief Under $5000,NO,8
2020,2020-02-24,12:00,Mischief Under $5000,NO,12
2020,2020-02-28,12:08,Uttering Threats - Bodily Harm,YES,12
2020,2020-03-02,00:00,Mischief Under $5000,NO,0
2020,2020-03-08,19:11,Mischief Under $5000,NO,19
2020,2020-03-09,19:13,Criminal Harassment,NO,19
2020,2020-03-09,08:28,Mischief Under $5000,NO,8
2020,2020-03-17,10:54,Uttering Threats - Bodily Harm,NO,10
2020,2020-03-26,19:30,Mischief Under $5000,NO,19
2020,2020-03-30,14:00,Disturbing Religious Worship Or Certain Meetings,NO,14
2020,2020-04-02,12:00,Mischief Under $5000,NO,12
2020,2020-04-03,10:30,Disturbing Religious Worship Or Certain Meetings,NO,10
2020,2020-04-04,21:55,Mischief Under $5000,NO,21
2020,2020-04-04,22:57,Mischief Under $5000,NO,22
2020,2020-04-05,11:00,Mischief Under $5000,NO,11
2020,2020-04-08,14:40,Assault With a Weapon,NO,14
2020,2020-04-08,08:15,Assault,YES,8
2020,2020-04-19,19:55,Disturbing Religious Worship Or Certain Meetings,NO,19
2020,2020-04-21,10:00,Mischief Under $5000,NO,10
2020,2020-04-22,17:00,Criminal Harassment,NO,17
2020,2020-04-23,17:00,Uttering Threats - Bodily Harm,NO,17
2020,2020-04-25,21:13,Assault,NO,21
2020,2020-04-25,02:24,Criminal Harassment,NO,2
2020,2020-05-01,17:30,Disturbing Religious Worship Or Certain Meetings,NO,17
2020,2020-05-05,08:20,Disturbing Religious Worship Or Certain Meetings,NO,8
2020,2020-05-07,13:14,Assault,YES,13
2020,2020-05-10,12:00,Harassing Communications,NO,12
2020,2020-05-15,14:37,Disturbing Religious Worship Or Certain Meetings,NO,14
2020,2020-05-16,10:52,Criminal Harassment,YES,10
2020,2020-05-16,18:00,Uttering Threats - Property,NO,18
2020,2020-05-18,09:45,Disturbing Religious Worship Or Certain Meetings,NO,9
2020,2020-05-21,13:30,Assault,YES,13
2020,2020-05-22,21:40,Mischief Under $5000,YES,21
2020,2020-05-23,05:45,Criminal Harassment,YES,5
2020,2020-05-25,22:08,Mischief Under $5000,NO,22
2020,2020-05-25,08:25,Assault,NO,8
2020,2020-05-26,12:00,Mischief Under $5000,NO,12
2020,2020-05-26,02:36,Mischief Under $5000,YES,2
2020,2020-05-26,00:01,"Mischief To Religious Property, Educational Institutions, Etc.",NO,0
2020,2020-05-29,19:00,Mischief Under $5000,YES,19
2020,2020-05-30,16:00,Mischief Under $5000,NO,16
2020,2020-05-30,12:00,Mischief Under $5000,NO,12
2020,2020-05-30,05:07,Mischief Under $5000,NO,5
2020,2020-06-01,02:30,Criminal Harassment,YES,2
2020,2020-06-01,11:00,Mischief Under $5000,NO,11
2020,2020-06-02,07:53,Mischief Under $5000,NO,7
2020,2020-06-02,14:00,Mischief Under $5000,NO,14
2020,2020-06-03,13:00,Criminal Harassment,NO,13
2020,2020-06-05,23:00,Mischief Under $5000,NO,23
2020,2020-06-06,12:30,Mischief Interfere With Property,NO,12
2020,2020-06-06,20:41,Assault,YES,20
2020,2020-06-09,15:30,Mischief Interfere With Property,YES,15
2020,2020-06-11,09:27,Mischief Interfere With Property,NO,9
2020,2020-06-13,06:37,"Mischief To Religious Property, Educational Institutions, Etc.",NO,6
2020,2020-06-16,21:38,Assault,NO,21
2020,2020-06-16,14:30,Assault,YES,14
2020,2020-06-18,14:24,Assault,YES,14
2020,2020-06-19,04:20,Assault With a Weapon,YES,4
2020,2020-06-20,14:00,Mischief Interfere With Property,NO,14
2020,2020-06-21,12:07,Wilful Promotion of Hatred,NO,12
2020,2020-06-26,13:00,Mischief Under $5000,NO,13
2020,2020-06-26,20:48,Mischief Under $5000,NO,20
2020,2020-06-26,16:40,Criminal Harassment,YES,16
2020,2020-06-28,15:00,Mischief Under $5000,NO,15
2020,2020-06-28,00:13,Mischief Under $5000,NO,0
2020,2020-06-28,00:25,Assault,YES,0
2020,2020-06-28,14:00,Mischief Under $5000,NO,14
2020,2020-06-30,18:00,Assault,YES,18
2020,2020-07-02,21:02,Assault With a Weapon,YES,21
2020,2020-07-03,20:12,Assault,YES,20
2020,2020-07-06,17:30,Criminal Harassment,NO,17
2020,2020-07-06,03:00,Uttering Threats - Bodily Harm,NO,3
2020,2020-07-10,10:00,Mischief Under $5000,NO,10
2020,2020-07-16,19:00,Mischief Under $5000,NO,19
2020,2020-07-17,07:20,Assault,YES,7
2020,2020-07-17,09:30,Mischief Under $5000,NO,9
2020,2020-07-18,20:45,Assault,NO,20
2020,2020-07-19,13:27,Mischief Under $5000,NO,13
2020,2020-07-20,13:20,Uttering Threats - Bodily Harm,NO,13
2020,2020-07-22,22:23,Assault,YES,22
2020,2020-07-22,09:00,Wilful Promotion of Hatred,NO,9
2020,2020-07-23,11:40,Harassing Communications,NO,11
2020,2020-07-23,14:40,Disturbing Religious Worship Or Certain Meetings,NO,14
2020,2020-07-27,19:50,Assault With a Weapon,NO,19
2020,2020-07-30,21:50,Mischief Under $5000,NO,21
2020,2020-07-30,22:00,Mischief Under $5000,NO,22
2020,2020-07-31,13:00,Criminal Harassment,NO,13
2020,2020-07-31,13:06,Uttering Threats - Property,NO,13
2020,2020-08-01,00:00,Mischief Under $5000,NO,0
2020,2020-08-06,12:00,Uttering Threats - Bodily Harm,NO,12
2020,2020-08-07,14:08,Mischief Under $5000,NO,14
2020,2020-08-11,08:00,Mischief Over $5000,NO,8
2020,2020-08-11,12:30,Uttering Threats - Bodily Harm,NO,12
2020,2020-08-12,08:20,Mischief Under $5000,NO,8
2020,2020-08-12,12:50,Uttering Threats - Bodily Harm,NO,12
2020,2020-08-13,20:00,Mischief Under $5000,NO,20
2020,2020-08-13,17:00,Mischief To Data,NO,17
2020,2020-08-15,11:30,Mischief Under $5000,NO,11
2020,2020-08-16,10:05,Assault,YES,10
2020,2020-08-18,16:30,Mischief Under $5000,NO,16
2020,2020-08-19,11:00,Uttering Threats - Bodily Harm,NO,11
2020,2020-08-20,16:00,Mischief Under $5000,NO,16
2020,2020-08-23,21:00,Assault,YES,21
2020,2020-08-24,11:03,Mischief Under $5000,NO,11
2020,2020-08-24,12:30,Mischief Under $5000,NO,12
2020,2020-08-24,22:30,Mischief Under $5000,NO,22
2020,2020-08-25,16:11,Assault,NO,16
2020,2020-08-27,22:35,Assault With a Weapon,YES,22
2020,2020-08-30,03:18,Mischief Under $5000,NO,3
2020,2020-08-31,15:38,Assault,NO,15
2020,2020-08-31,12:00,Assault,YES,12
2020,2020-09-03,03:49,Mischief Under $5000,NO,3
2020,2020-09-03,16:00,Assault,NO,16
2020,2020-09-05,12:17,Assault,NO,12
2020,2020-09-08,17:00,Wilful Promotion of Hatred,NO,17
2020,2020-09-08,12:00,Criminal Harassment,NO,12
2020,2020-09-08,00:00,Criminal Harassment,YES,0
2020,2020-09-09,12:21,Assault,YES,12
2020,2020-09-09,10:00,Mischief Under $5000,NO,10
2020,2020-09-09,08:38,Mischief Under $5000,NO,8
2020,2020-09-10,16:30,Assault,NO,16
2020,2020-09-11,13:30,Assault,YES,13
2020,2020-09-11,08:44,Mischief Under $5000,NO,8
2020,2020-09-13,20:00,Mischief Under $5000,NO,20
2020,2020-09-14,05:27,Mischief Under $5000,NO,5
2020,2020-09-17,12:10,Mischief Under $5000,NO,12
2020,2020-09-17,17:30,Assault,NO,17
2020,2020-09-20,14:50,Assault,NO,14
2020,2020-09-23,19:40,"Mischief To Religious Property, Educational Institutions, Etc.",NO,19
2020,2020-09-25,15:30,Assault,NO,15
2020,2020-09-29,14:37,Assault With a Weapon,YES,14
2020,2020-09-29,18:00,Mischief Interfere With Property,NO,18
2020,2020-09-30,12:40,Assault,NO,12
2020,2020-09-30,12:00,Criminal Harassment,NO,12
2020,2020-10-02,09:49,Mischief Under $5000,NO,9
2020,2020-10-03,00:00,Mischief Under $5000,NO,0
2020,2020-10-05,18:23,Mischief Under $5000,NO,18
2020,2020-10-09,09:23,Mischief Under $5000,NO,9
2020,2020-10-11,14:15,Mischief Under $5000,NO,14
2020,2020-10-12,03:00,Mischief Under $5000,NO,3
2020,2020-10-13,23:30,Assault With a Weapon,NO,23
2020,2020-10-14,11:45,Mischief Under $5000,NO,11
2020,2020-10-15,19:15,Assault,NO,19
2020,2020-10-15,16:34,Mischief Under $5000,NO,16
2020,2020-10-15,00:00,Mischief Under $5000,NO,0
2020,2020-10-15,16:13,Uttering Threats - Bodily Harm,YES,16
2020,2020-10-17,14:50,Mischief Under $5000,NO,14
2020,2020-10-17,13:50,Criminal Harassment,YES,13
2020,2020-10-21,15:32,Mischief Under $5000,NO,15
2020,2020-10-25,16:04,Wilful Promotion of Hatred,NO,16
2020,2020-10-25,18:55,Mischief Under $5000,NO,18
2020,2020-10-25,00:30,Mischief Under $5000,NO,0
2020,2020-10-26,18:00,Mischief Under $5000,NO,18
2020,2020-10-26,00:00,Mischief Under $5000,YES,0
2020,2020-10-27,22:00,"Mischief To Religious Property, Educational Institutions, Etc.",NO,22
2020,2020-10-28,17:04,Assault,NO,17
2020,2020-10-29,09:00,Mischief Under $5000,NO,9
2020,2020-10-31,11:20,Mischief Under $5000,NO,11
2020,2020-11-02,10:30,Mischief Under $5000,NO,10
2020,2020-11-03,14:00,Criminal Harassment,NO,14
2020,2020-11-03,13:45,Harassing Communications,NO,13
2020,2020-11-05,12:19,Assault,NO,12
2020,2020-11-06,04:00,Mischief Under $5000,NO,4
2020,2020-11-07,11:20,Assault,NO,11
2020,2020-11-10,12:00,Mischief Under $5000,NO,12
2020,2020-11-11,14:00,Criminal Harassment,NO,14
2020,2020-11-11,12:00,Mischief Under $5000,NO,12
2020,2020-11-12,08:36,Uttering Threats - Bodily Harm,YES,8
2020,2020-11-14,11:20,Assault,NO,11
2020,2020-11-16,14:15,Disturbing Religious Worship Or Certain Meetings,NO,14
2020,2020-11-23,19:55,Assault,YES,19
2020,2020-11-25,06:58,Mischief Under $5000,NO,6
2020,2020-11-25,09:30,Assault Peace Officer,YES,9
2020,2020-11-27,14:30,Assault,NO,14
2020,2020-11-28,11:50,Mischief Under $5000,NO,11
2020,2020-12-01,16:02,Assault With a Weapon,YES,16
2020,2020-12-04,22:00,"Mischief To Religious Property, Educational Institutions, Etc.",YES,22
2020,2020-12-07,13:30,Mischief Under $5000,NO,13
2020,2020-12-08,14:30,Mischief Under $5000,NO,14
2020,2020-12-11,10:18,Uttering Threats - Bodily Harm,YES,10
2020,2020-12-13,21:57,"Mischief To Religious Property, Educational Institutions, Etc.",YES,21
2020,2020-12-17,19:40,Harassing Communications,NO,19
2020,2020-12-18,14:00,Mischief Under $5000,NO,14
2020,2020-12-19,12:00,Mischief Under $5000,NO,12
2020,2020-12-21,23:30,Mischief Under $5000,NO,23
2020,2020-12-22,16:17,Mischief Under $5000,NO,16
2020,2020-12-22,08:00,Uttering Threats - Bodily Harm,NO,8
2020,2020-12-23,00:00,"Mischief To Religious Property, Educational Institutions, Etc.",YES,0
2020,2020-12-23,21:00,Mischief Interfere With Property,NO,21
2021,2021-01-01,00:00,Mischief Under $5000,NO,0
2021,2021-01-01,12:00,Criminal Harassment,NO,12
2021,2021-01-02,15:30,Mischief Under $5000,NO,15
2021,2021-01-04,08:00,Disturbing Religious Worship Or Certain Meetings,NO,8
2021,2021-01-12,17:17,Assault,NO,17
2021,2021-01-13,20:16,Assault,NO,20
2021,2021-01-17,17:52,Assault,NO,17
2021,2021-01-22,12:45,Mischief Under $5000,NO,12
2021,2021-01-24,16:55,"Mischief To Religious Property, Educational Institutions, Etc.",NO,16
2021,2021-01-26,19:00,Mischief Under $5000,NO,19
2021,2021-01-27,10:39,Uttering Threats - Bodily Harm,YES,10
2021,2021-01-28,12:17,Mischief Under $5000,NO,12
2021,2021-01-28,09:50,Other Criminal Code Offence Not Listed,NO,9
2021,2021-01-28,13:30,Mischief Under $5000,NO,13
2021,2021-02-02,02:00,Assault,NO,2
2021,2021-02-06,14:00,Disturbing Religious Worship Or Certain Meetings,NO,14
2021,2021-02-10,13:45,Assault,NO,13
2021,2021-02-15,14:44,Mischief Under $5000,NO,14
2021,2021-02-16,12:00,Uttering Threats - Bodily Harm,NO,12
2021,2021-02-16,14:44,Uttering Threats - Bodily Harm,YES,14
2021,2021-02-16,05:28,Uttering Threats - Bodily Harm,YES,5
2021,2021-02-20,16:00,Mischief Under $5000,NO,16
2021,2021-02-22,11:35,Uttering Threats - Bodily Harm,YES,11
2021,2021-02-23,08:25,Mischief Under $5000,NO,8
2021,2021-02-24,08:20,Assault With a Weapon,NO,8
2021,2021-02-25,06:45,Uttering Threats - Bodily Harm,NO,6
2021,2021-02-26,08:45,Assault,YES,8
2021,2021-02-27,21:12,Assault With a Weapon,YES,21
2021,2021-02-28,15:12,Assault,NO,15
2021,2021-03-01,18:00,Uttering Threats - Bodily Harm,YES,18
2021,2021-03-01,00:01,Mischief Under $5000,NO,0
2021,2021-03-02,22:00,Mischief Under $5000,NO,22
2021,2021-03-02,15:42,Uttering Threats - Bodily Harm,NO,15
2021,2021-03-07,01:54,Mischief Under $5000,NO,1
2021,2021-03-08,11:43,Mischief Under $5000,NO,11
2021,2021-03-10,08:40,Mischief Under $5000,NO,8
2021,2021-03-10,10:00,Mischief Interfere With Property,YES,10
2021,2021-03-11,11:06,Assault,YES,11
2021,2021-03-12,10:00,Assault,NO,10
2021,2021-03-13,09:23,Harassing Communications,NO,9
2021,2021-03-14,22:11,Mischief Under $5000,NO,22
2021,2021-03-14,14:17,Mischief Interfere With Property,NO,14
2021,2021-03-15,07:00,Mischief Under $5000,NO,7
2021,2021-03-18,20:03,Wilful Promotion of Hatred,NO,20
2021,2021-03-19,17:18,Uttering Threats - Bodily Harm,YES,17
2021,2021-03-20,14:20,Assault,YES,14
2021,2021-03-20,00:30,Mischief Under $5000,NO,0
2021,2021-03-22,16:00,Uttering Threats - Bodily Harm,NO,16
2021,2021-03-22,20:45,Mischief Under $5000,NO,20
2021,2021-03-23,16:57,Mischief Under $5000,NO,16
2021,2021-03-23,17:13,Uttering Threats - Bodily Harm,NO,17
2021,2021-03-25,14:14,Mischief Under $5000,NO,14
2021,2021-03-25,12:42,Mischief Under $5000,NO,12
2021,2021-03-25,08:30,Mischief Under $5000,NO,8
2021,2021-03-25,12:15,Uttering Threats - Bodily Harm,NO,12
2021,2021-03-25,10:45,Criminal Harassment,NO,10
2021,2021-03-25,22:53,Assault,NO,22
2021,2021-03-26,17:00,Mischief Under $5000,NO,17
2021,2021-03-26,00:01,Sexual Assault,NO,0
2021,2021-03-27,19:11,Mischief Under $5000,NO,19
2021,2021-03-29,11:24,Assault,YES,11
2021,2021-03-30,13:18,Assault,YES,13
2021,2021-03-30,09:30,Assault,NO,9
2021,2021-03-31,14:08,Uttering Threats - Bodily Harm,YES,14
2021,2021-03-31,00:35,Mischief Under $5000,YES,0
2021,2021-03-31,12:45,Uttering Threats - Bodily Harm,NO,12
2021,2021-04-01,14:20,Mischief Under $5000,NO,14
2021,2021-04-01,19:49,Assault,YES,19
2021,2021-04-03,17:30,Mischief Interfere With Property,NO,17
2021,2021-04-05,17:50,Mischief Under $5000,NO,17
2021,2021-04-06,07:57,Mischief Under $5000,NO,7
2021,2021-04-09,18:25,Assault With a Weapon,NO,18
2021,2021-04-09,04:10,Uttering Threats - Bodily Harm,NO,4
2021,2021-04-09,08:45,Assault,YES,8
2021,2021-04-11,18:26,Uttering Threats - Bodily Harm,NO,18
2021,2021-04-11,18:30,Assault,NO,18
2021,2021-04-11,12:14,Assault,YES,12
2021,2021-04-11,01:14,Assault With a Weapon,YES,1
2021,2021-04-15,21:00,Assault With a Weapon,NO,21
2021,2021-04-19,13:38,Assault,YES,13
2021,2021-04-22,20:00,Mischief Under $5000,NO,20
2021,2021-04-27,10:16,Criminal Harassment,NO,10
2021,2021-04-28,14:00,Mischief Under $5000,NO,14
2021,2021-04-29,19:41,Mischief Under $5000,NO,19
2021,2021-04-30,00:30,Mischief Under $5000,NO,0
2021,2021-04-30,09:00,Mischief Under $5000,NO,9
2021,2021-05-01,21:46,Mischief Interfere With Property,NO,21
2021,2021-05-02,15:20,Uttering Threats - Bodily Harm,NO,15
2021,2021-05-05,13:58,Mischief Under $5000,NO,13
2021,2021-05-05,12:40,Assault,YES,12
2021,2021-05-10,08:20,Assault,YES,8
2021,2021-05-10,20:00,Mischief Under $5000,NO,20
2021,2021-05-11,03:49,Mischief Under $5000,NO,3
2021,2021-05-11,01:25,Uttering Threats - Bodily Harm,NO,1
2021,2021-05-11,18:21,Mischief Under $5000,NO,18
2021,2021-05-14,13:18,Harassing Communications,NO,13
2021,2021-05-14,11:10,Mischief Under $5000,YES,11
2021,2021-05-15,15:30,Assault With a Weapon,NO,15
2021,2021-05-15,21:00,Assault With a Weapon,NO,21
2021,2021-05-15,04:50,Mischief Under $5000,NO,4
2021,2021-05-15,20:25,Assault,YES,20
2021,2021-05-15,22:00,Assault,NO,22
2021,2021-05-17,11:00,Mischief Under $5000,NO,11
2021,2021-05-17,17:45,Uttering Threats - Bodily Harm,NO,17
2021,2021-05-18,17:55,Mischief Under $5000,NO,17
2021,2021-05-19,14:30,Mischief Under $5000,NO,14
2021,2021-05-23,19:10,Assault,NO,19
2021,2021-05-24,15:20,Assault,NO,15
2021,2021-05-24,12:40,Assault,NO,12
2021,2021-05-28,14:52,Harassing Communications,NO,14
2021,2021-05-31,20:25,Assault,NO,20
2021,2021-05-31,11:35,Mischief Under $5000,NO,11
2021,2021-06-01,09:00,Mischief Under $5000,NO,9
2021,2021-06-01,14:00,Assault Causing Bodily Harm,YES,14
2021,2021-06-03,21:52,Assault With a Weapon,NO,21
2021,2021-06-03,11:52,Assault Causing Bodily Harm,YES,11
2021,2021-06-04,14:00,Theft,NO,14
2021,2021-06-05,23:07,Mischief Under $5000,NO,23
2021,2021-06-05,15:30,Mischief Under $5000,NO,15
2021,2021-06-05,23:00,Mischief Under $5000,NO,23
2021,2021-06-06,04:55,Mischief Under $5000,NO,4
2021,2021-06-07,14:25,Mischief Under $5000,NO,14
2021,2021-06-07,10:45,Uttering Threats - Bodily Harm,NO,10
2021,2021-06-08,17:00,Assault With a Weapon,NO,17
2021,2021-06-08,15:23,Mischief Under $5000,NO,15
2021,2021-06-09,09:23,Criminal Harassment,NO,9
2021,2021-06-09,07:28,Assault With a Weapon,NO,7
2021,2021-06-10,07:00,Mischief Under $5000,NO,7
2021,2021-06-12,03:20,Criminal Harassment,YES,3
2021,2021-06-15,10:01,Criminal Harassment,YES,10
2021,2021-06-18,21:28,Mischief Under $5000,YES,21
2021,2021-06-18,08:33,Mischief Under $5000,NO,8
2021,2021-06-18,08:30,Mischief Under $5000,NO,8
2021,2021-06-19,08:30,Mischief Under $5000,NO,8
2021,2021-06-20,15:30,Mischief Interfere With Property,NO,15
2021,2021-06-21,06:00,Mischief Under $5000,NO,6
2021,2021-06-22,05:00,Mischief Under $5000,YES,5
2021,2021-06-27,08:50,Criminal Harassment,YES,8
2021,2021-06-27,02:20,Assault,NO,2
2021,2021-06-28,00:12,Uttering Threats - Bodily Harm,YES,0
2021,2021-06-28,12:00,Mischief Interfere With Property,NO,12
2021,2021-06-30,23:59,Mischief Under $5000,NO,23
2021,2021-06-30,19:00,Assault,YES,19
2021,2021-07-01,21:26,Mischief Under $5000,NO,21
2021,2021-07-02,00:00,Mischief Under $5000,NO,0
2021,2021-07-03,16:45,Mischief Under $5000,NO,16
2021,2021-07-05,07:13,Assault,NO,7
2021,2021-07-06,08:00,Assault With a Weapon,YES,8
2021,2021-07-10,00:00,Mischief Under $5000,NO,0
2021,2021-07-10,10:33,Assault,YES,10
2021,2021-07-11,09:00,Assault,YES,9
2021,2021-07-12,16:00,Assault,NO,16
2021,2021-07-13,02:46,Mischief Under $5000,NO,2
2021,2021-07-13,01:20,Uttering Threats - Bodily Harm,YES,1
2021,2021-07-17,23:30,Assault Causing Bodily Harm,NO,23
2021,2021-07-18,15:30,Other Criminal Code Offence Not Listed,NO,15
2021,2021-07-19,10:50,Assault,YES,10
2021,2021-07-22,00:01,Mischief Under $5000,NO,0
2021,2021-07-22,04:27,Mischief Under $5000,NO,4
2021,2021-07-26,20:24,Mischief Under $5000,NO,20
2021,2021-07-26,15:55,Uttering Threats - Bodily Harm,YES,15
2021,2021-07-28,08:50,Assault,NO,8
2021,2021-07-28,18:50,Assault With a Weapon,YES,18
2021,2021-07-29,01:43,Assault,NO,1
2021,2021-08-04,00:30,Assault,NO,0
2021,2021-08-09,18:45,Assault,YES,18
2021,2021-08-09,18:54,Harassing Communications,NO,18
2021,2021-08-11,15:15,Assault,YES,15
2021,2021-08-12,16:30,Assault,NO,16
2021,2021-08-15,21:15,Assault,YES,21
2021,2021-08-17,12:17,"Mischief To Religious Property, Educational Institutions, Etc.",YES,12
2021,2021-08-18,04:17,"Mischief To Religious Property, Educational Institutions, Etc.",NO,4
2021,2021-08-20,17:30,Mischief Under $5000,NO,17
2021,2021-08-26,13:51,Assault,NO,13
2021,2021-08-30,16:40,Harassing Communications,NO,16
2021,2021-08-31,09:00,Harassing Communications,YES,9
2021,2021-08-31,19:13,Harassing Communications,YES,19
2021,2021-09-01,19:00,Assault,YES,19
2021,2021-09-03,00:15,Assault,NO,0
2021,2021-09-03,16:05,Mischief Under $5000,NO,16
2021,2021-09-10,19:54,Uttering Threats - Bodily Harm,YES,19
2021,2021-09-11,19:00,Assault,NO,19
2021,2021-09-11,05:00,Mischief Under $5000,NO,5
2021,2021-09-11,19:38,Harassing Communications,NO,19
2021,2021-09-11,12:50,Mischief Under $5000,NO,12
2021,2021-09-11,12:30,Assault,YES,12
2021,2021-09-13,20:30,Uttering Threats - Bodily Harm,YES,20
2021,2021-09-13,10:14,Mischief Under $5000,NO,10
2021,2021-09-14,16:26,Mischief Under $5000,NO,16
2021,2021-09-14,23:00,Mischief Under $5000,NO,23
2021,2021-09-15,16:00,Assault With a Weapon,YES,16
2021,2021-09-16,14:29,Assault,YES,14
2021,2021-09-17,09:51,Uttering Threats - Bodily Harm,YES,9
2021,2021-09-18,23:15,Assault,NO,23
2021,2021-09-18,15:00,Mischief Under $5000,NO,15
2021,2021-09-20,14:30,Criminal Harassment,NO,14
2021,2021-09-21,15:15,Mischief Under $5000,NO,15
2021,2021-09-21,09:00,Mischief Under $5000,NO,9
2021,2021-09-23,19:30,Assault,NO,19
2021,2021-09-24,00:01,Harassing Communications,NO,0
2021,2021-09-26,00:00,Harassing Communications,NO,0
2021,2021-09-26,12:10,Assault,NO,12
2021,2021-09-27,10:00,Uttering Threats - Bodily Harm,NO,10
2021,2021-09-28,14:15,Assault Causing Bodily Harm,YES,14
2021,2021-09-29,12:00,Criminal Harassment,NO,12
2021,2021-09-30,12:28,Assault,NO,12
2021,2021-10-01,12:00,Mischief Under $5000,NO,12
2021,2021-10-02,17:19,Assault Causing Bodily Harm,YES,17
2021,2021-10-05,16:45,Assault,NO,16
2021,2021-10-05,22:30,Mischief Under $5000,NO,22
2021,2021-10-06,19:46,Assault,NO,19
2021,2021-10-06,15:20,Assault,NO,15
2021,2021-10-07,08:39,Mischief Under $5000,NO,8
2021,2021-10-08,20:30,Assault,YES,20
2021,2021-10-08,08:09,Assault,NO,8
2021,2021-10-10,18:45,Mischief Under $5000,NO,18
2021,2021-10-11,21:15,Assault,NO,21
2021,2021-10-12,15:30,Assault,YES,15
2021,2021-10-12,20:13,Mischief Under $5000,NO,20
2021,2021-10-15,11:00,Assault,YES,11
2021,2021-10-15,16:10,Assault,NO,16
2021,2021-10-17,14:30,Assault,NO,14
2021,2021-10-18,18:15,Assault,YES,18
2021,2021-10-20,18:35,Disturbing Religious Worship Or Certain Meetings,NO,18
2021,2021-10-21,13:20,Mischief Under $5000,NO,13
2021,2021-10-22,14:00,Mischief Under $5000,NO,14
2021,2021-10-25,12:00,Assault,YES,12
2021,2021-10-28,09:26,Mischief Under $5000,NO,9
2021,2021-10-28,10:05,Assault,NO,10
2021,2021-10-29,20:00,Mischief Under $5000,NO,20
2021,2021-10-31,02:41,Mischief Under $5000,NO,2
2021,2021-10-31,19:53,Assault,NO,19
2021,2021-11-03,08:44,Assault Causing Bodily Harm,YES,8
2021,2021-11-03,18:15,Harassing Communications,NO,18
2021,2021-11-06,14:30,Mischief Under $5000,NO,14
2021,2021-11-07,00:00,Mischief Under $5000,NO,0
2021,2021-11-08,13:00,Mischief Under $5000,NO,13
2021,2021-11-09,18:57,"Mischief To Religious Property, Educational Institutions, Etc.",YES,18
2021,2021-11-10,08:02,Mischief Under $5000,NO,8
2021,2021-11-11,09:00,Criminal Harassment,YES,9
2021,2021-11-14,16:13,Mischief Interfere With Property,NO,16
2021,2021-11-14,10:30,Mischief Under $5000,NO,10
2021,2021-11-15,00:01,Uttering Threats - Bodily Harm,YES,0
2021,2021-11-15,22:00,Uttering Threats - Bodily Harm,NO,22
2021,2021-11-20,16:47,Mischief Under $5000,NO,16
2021,2021-11-23,14:00,Mischief Under $5000,NO,14
2021,2021-11-24,14:30,Harassing Communications,NO,14
2021,2021-11-24,14:25,Assault,NO,14
2021,2021-11-25,21:00,Criminal Harassment,NO,21
2021,2021-11-30,14:05,Mischief Under $5000,NO,14
2021,2021-12-03,12:10,Assault,NO,12
2021,2021-12-03,00:01,Mischief Under $5000,NO,0
2021,2021-12-06,00:00,Uttering Threats - Bodily Harm,YES,0
2021,2021-12-07,01:21,Mischief Interfere With Property,NO,1
2021,2021-12-07,21:00,Mischief Under $5000,NO,21
2021,2021-12-08,10:45,Assault,NO,10
2021,2021-12-12,11:00,Mischief Interfere With Property,NO,11
2021,2021-12-15,06:07,Uttering Threats - Bodily Harm,NO,6
2021,2021-12-16,08:30,Mischief Under $5000,NO,8
2021,2021-12-24,11:48,Mischief Under $5000,NO,11
2021,2021-12-30,16:54,Mischief Under $5000,NO,16
2022,2022-01-01,00:00,Mischief Under $5000,NO,0
2022,2022-01-01,00:01,Mischief Under $5000,NO,0
2022,2022-01-02,16:29,Mischief Under $5000,NO,16
2022,2022-01-03,22:36,Criminal Harassment,NO,22
2022,2022-01-03,18:20,Assault,NO,18
2022,2022-01-06,06:54,Mischief Under $5000,NO,6
2022,2022-01-08,06:11,Mischief Under $5000,NO,6
2022,2022-01-09,23:34,Mischief Under $5000,NO,23
2022,2022-01-11,12:10,Mischief Under $5000,NO,12
2022,2022-01-18,18:15,Assault,YES,18
2022,2022-01-21,10:15,Mischief Under $5000,NO,10
2022,2022-01-23,17:11,Assault,YES,17
2022,2022-01-25,13:00,Mischief Under $5000,NO,13
2022,2022-01-27,23:10,Uttering Threats - Bodily Harm,NO,23
2022,2022-01-27,18:10,Assault,YES,18
2022,2022-01-28,23:00,Mischief Over $5000,NO,23
2022,2022-01-31,20:40,Assault,NO,20
2022,2022-02-03,00:01,Mischief To Data,NO,0
2022,2022-02-03,00:00,Mischief Under $5000,NO,0
2022,2022-02-05,18:00,Public Incitement of Hatred,NO,18
2022,2022-02-06,20:38,Mischief Under $5000,NO,20
2022,2022-02-07,23:59,Mischief Over $5000,YES,23
2022,2022-02-07,12:45,Disturbing Religious Worship Or Certain Meetings,NO,12
2022,2022-02-08,19:05,Mischief Under $5000,NO,19
2022,2022-02-09,23:45,Assault With a Weapon,YES,23
2022,2022-02-09,12:00,Mischief Under $5000,NO,12
2022,2022-02-10,15:30,Harassing Communications,NO,15
2022,2022-02-12,00:00,Mischief Under $5000,NO,0
2022,2022-02-15,10:33,Disturbing Religious Worship Or Certain Meetings,NO,10
2022,2022-02-21,20:20,Mischief Under $5000,NO,20
2022,2022-02-23,03:00,Mischief Under $5000,NO,3
2022,2022-02-23,00:00,Mischief Under $5000,NO,0
2022,2022-02-23,23:00,Assault,NO,23
2022,2022-02-24,16:00,Uttering Threats - Property,YES,16
2022,2022-02-24,19:00,Uttering Threats - Bodily Harm,NO,19
2022,2022-02-25,21:00,Mischief Under $5000,NO,21
2022,2022-02-26,20:00,Mischief Over $5000,YES,20
2022,2022-02-28,15:45,Mischief Under $5000,NO,15
2022,2022-02-28,02:00,"Mischief To Religious Property, Educational Institutions, Etc.",NO,2
2022,2022-02-28,13:00,Harassing Communications,NO,13
2022,2022-03-01,16:00,Mischief Under $5000,NO,16
2022,2022-03-01,15:00,Mischief Under $5000,NO,15
2022,2022-03-01,16:45,Uttering Threats - Bodily Harm,YES,16
2022,2022-03-01,16:44,Mischief Under $5000,NO,16
2022,2022-03-01,10:30,Mischief Under $5000,NO,10
2022,2022-03-02,09:00,Mischief Under $5000,NO,9
2022,2022-03-03,14:15,Mischief Under $5000,NO,14
2022,2022-03-04,23:44,Mischief Under $5000,YES,23
2022,2022-03-04,03:32,Assault,NO,3
2022,2022-03-04,00:01,Harassing Communications,NO,0
2022,2022-03-05,19:36,Mischief Under $5000,NO,19
2022,2022-03-05,22:27,Mischief Over $5000,NO,22
2022,2022-03-06,18:00,Mischief Under $5000,NO,18
2022,2022-03-06,21:23,Mischief Under $5000,NO,21
2022,2022-03-06,22:22,Mischief Under $5000,YES,22
2022,2022-03-07,00:00,Mischief Under $5000,NO,0
2022,2022-03-08,00:01,Mischief Under $5000,NO,0
2022,2022-03-09,16:30,Assault,YES,16
2022,2022-03-10,00:37,Mischief Under $5000,NO,0
2022,2022-03-11,09:56,Mischief Under $5000,NO,9
2022,2022-03-13,16:36,Mischief Interfere With Property,NO,16
2022,2022-03-14,11:00,Assault,NO,11
2022,2022-03-14,00:45,Mischief Over $5000,NO,0
2022,2022-03-15,14:40,Assault,NO,14
2022,2022-03-16,14:23,Mischief Under $5000,NO,14
2022,2022-03-16,14:00,Mischief Under $5000,NO,14
2022,2022-03-16,13:48,Disturbing Religious Worship Or Certain Meetings,NO,13
2022,2022-03-18,07:45,Assault,NO,7
2022,2022-03-18,15:59,Mischief Under $5000,NO,15
2022,2022-03-31,07:35,Assault With a Weapon,YES,7
2022,2022-04-04,09:05,Assault,NO,9
2022,2022-04-05,17:14,Mischief Under $5000,NO,17
2022,2022-04-06,00:47,Assault,NO,0
2022,2022-04-07,11:40,Assault,YES,11
2022,2022-04-07,00:10,Assault,NO,0
2022,2022-04-08,00:00,Mischief Under $5000,NO,0
2022,2022-04-10,12:00,Harassing Communications,NO,12
2022,2022-04-12,22:00,Mischief Under $5000,NO,22
2022,2022-04-13,15:45,Mischief Under $5000,NO,15
2022,2022-04-14,12:00,Mischief Under $5000,YES,12
2022,2022-04-16,02:00,Assault,YES,2
2022,2022-04-18,00:00,Mischief Under $5000,NO,0
2022,2022-04-20,06:22,Mischief Under $5000,NO,6
2022,2022-04-21,09:00,Mischief Under $5000,NO,9
2022,2022-04-21,00:27,Mischief Under $5000,NO,0
2022,2022-04-29,05:00,Mischief Under $5000,NO,5
2022,2022-04-29,00:00,Mischief Under $5000,NO,0
2022,2022-04-29,20:53,Assault,NO,20
2022,2022-04-30,15:00,Mischief Under $5000,NO,15
2022,2022-05-01,10:30,Mischief Under $5000,NO,10
2022,2022-05-01,06:26,Mischief Under $5000,NO,6
2022,2022-05-03,08:39,Mischief Under $5000,NO,8
2022,2022-05-08,21:30,Disturbing Religious Worship Or Certain Meetings,YES,21
2022,2022-05-11,06:14,Mischief Under $5000,NO,6
2022,2022-05-12,17:00,Mischief Under $5000,NO,17
2022,2022-05-12,10:30,Mischief Under $5000,NO,10
2022,2022-05-12,07:44,Mischief Under $5000,NO,7
2022,2022-05-13,14:14,Assault,NO,14
2022,2022-05-13,16:25,Mischief Under $5000,NO,16
2022,2022-05-16,02:05,Assault,NO,2
2022,2022-05-17,17:20,Mischief Under $5000,NO,17
2022,2022-05-18,09:00,Mischief Under $5000,NO,9
2022,2022-05-18,18:00,Mischief Under $5000,NO,18
2022,2022-05-19,18:10,Assault,NO,18
2022,2022-05-20,20:00,Mischief Under $5000,NO,20
2022,2022-05-21,23:20,Mischief Interfere With Property,NO,23
2022,2022-05-21,09:30,Mischief Under $5000,NO,9
2022,2022-05-25,16:46,"Mischief To Religious Property, Educational Institutions, Etc.",NO,16
2022,2022-05-25,13:36,Assault With a Weapon,YES,13
2022,2022-05-27,10:41,Mischief Under $5000,NO,10
2022,2022-05-30,15:55,Assault With a Weapon,YES,15
2022,2022-05-31,15:00,Criminal Harassment,NO,15
2022,2022-06-01,15:00,Assault,NO,15
2022,2022-06-02,12:15,Mischief Under $5000,YES,12
2022,2022-06-02,16:00,Mischief Under $5000,NO,16
2022,2022-06-06,02:00,Mischief Under $5000,YES,2
2022,2022-06-06,14:20,Uttering Threats - Bodily Harm,NO,14
2022,2022-06-07,19:33,Mischief Interfere With Property,NO,19
2022,2022-06-08,12:00,Mischief Under $5000,YES,12
2022,2022-06-12,19:53,Assault,YES,19
2022,2022-06-12,21:15,Assault,YES,21
2022,2022-06-15,06:00,Uttering Threats - Bodily Harm,NO,6
2022,2022-06-17,16:30,Mischief Under $5000,NO,16
2022,2022-06-17,22:00,Mischief Under $5000,NO,22
2022,2022-06-17,12:22,Murder,YES,12
2022,2022-06-20,12:05,Mischief Under $5000,NO,12
2022,2022-06-20,17:00,Assault,NO,17
2022,2022-06-22,12:01,Assault,YES,12
2022,2022-06-22,10:00,Assault,YES,10
2022,2022-06-24,00:49,Mischief Under $5000,NO,0
2022,2022-06-24,09:59,Mischief Under $5000,NO,9
2022,2022-06-24,20:30,Assault With a Weapon,NO,20
2022,2022-06-26,04:45,Assault,YES,4
2022,2022-06-29,17:00,Assault,NO,17
2022,2022-06-30,15:19,Mischief Under $5000,YES,15
2022,2022-06-30,00:01,Mischief Under $5000,NO,0
2022,2022-06-30,15:20,Mischief Under $5000,YES,15
2022,2022-07-01,15:42,Harassing Communications,NO,15
2022,2022-07-01,00:00,Mischief Under $5000,NO,0
2022,2022-07-02,23:00,Mischief Under $5000,NO,23
2022,2022-07-09,01:00,Mischief Under $5000,NO,1
2022,2022-07-10,15:26,Assault With a Weapon,NO,15
2022,2022-07-10,11:03,Mischief Under $5000,NO,11
2022,2022-07-10,06:00,Mischief Under $5000,NO,6
2022,2022-07-13,06:15,Mischief Under $5000,YES,6
2022,2022-07-14,09:56,Mischief Under $5000,NO,9
2022,2022-07-15,11:00,Mischief Under $5000,NO,11
2022,2022-07-19,13:03,Assault With a Weapon,NO,13
2022,2022-07-19,20:50,Assault,YES,20
2022,2022-07-21,23:36,Assault,NO,23
2022,2022-07-28,08:58,Mischief Under $5000,NO,8
2022,2022-07-30,05:45,Assault,NO,5
2022,2022-07-30,08:29,Mischief Under $5000,NO,8
2022,2022-08-10,13:00,Uttering Threats - Bodily Harm,YES,13
2022,2022-08-12,01:55,Mischief Under $5000,NO,1
2022,2022-08-12,09:45,Mischief Under $5000,NO,9
2022,2022-08-13,11:20,Criminal Harassment,NO,11
2022,2022-08-15,00:00,Mischief Under $5000,NO,0
2022,2022-08-16,13:15,Mischief Under $5000,NO,13
2022,2022-08-17,12:00,Mischief Under $5000,NO,12
2022,2022-08-19,01:00,"Mischief To Religious Property, Educational Institutions, Etc.",NO,1
2022,2022-08-20,20:00,Mischief Interfere With Property,NO,20
2022,2022-08-27,19:00,Assault,YES,19
2022,2022-08-27,15:26,Assault,NO,15
2022,2022-08-28,03:00,Assault,NO,3
2022,2022-08-29,01:00,Mischief Under $5000,NO,1
2022,2022-09-01,11:55,Assault,YES,11
2022,2022-09-02,23:01,Mischief Under $5000,NO,23
2022,2022-09-07,08:00,Mischief Under $5000,NO,8
2022,2022-09-07,16:25,Assault,YES,16
2022,2022-09-07,20:58,Mischief Under $5000,NO,20
2022,2022-09-08,12:09,Mischief Under $5000,NO,12
2022,2022-09-10,21:00,Assault,NO,21
2022,2022-09-13,01:30,Assault,NO,1
2022,2022-09-15,10:58,Uttering Threats - Bodily Harm,NO,10
2022,2022-09-16,09:37,Mischief Under $5000,NO,9
2022,2022-09-17,18:15,Assault With a Weapon,NO,18
2022,2022-09-20,15:55,Mischief Interfere With Property,NO,15
2022,2022-09-20,16:00,Assault,YES,16
2022,2022-09-22,17:50,Assault,YES,17
2022,2022-09-23,08:15,Mischief Interfere With Property,NO,8
2022,2022-09-23,07:30,Assault With a Weapon,NO,7
2022,2022-09-24,21:06,Assault,YES,21
2022,2022-09-26,11:07,Assault,NO,11
2022,2022-09-30,23:59,Mischief Under $5000,NO,23
2022,2022-09-30,04:37,Harassing Communications,NO,4
2022,2022-09-30,12:55,Assault,YES,12
2022,2022-10-01,00:00,Uttering Threats - Bodily Harm,NO,0
2022,2022-10-03,16:08,Uttering Threats - Bodily Harm,NO,16
2022,2022-10-07,16:30,Mischief Under $5000,NO,16
2022,2022-10-09,18:07,Uttering Threats - Bodily Harm,NO,18
2022,2022-10-12,09:35,Uttering Threats - Bodily Harm,NO,9
2022,2022-10-12,08:53,Mischief Under $5000,NO,8
2022,2022-10-13,17:55,Mischief Interfere With Property,NO,17
2022,2022-10-17,21:00,Mischief Under $5000,YES,21
2022,2022-10-18,12:15,Mischief Under $5000,NO,12
2022,2022-10-19,20:03,Uttering Threats - Bodily Harm,NO,20
2022,2022-10-20,12:25,Mischief Under $5000,NO,12
2022,2022-10-22,11:30,Mischief Under $5000,NO,11
2022,2022-10-22,19:00,Assault,NO,19
2022,2022-10-22,20:21,Mischief Under $5000,NO,20
2022,2022-10-23,14:00,Mischief Under $5000,NO,14
2022,2022-10-24,16:00,Mischief Under $5000,NO,16
2022,2022-10-24,15:15,Assault,NO,15
2022,2022-10-26,15:29,Assault,YES,15
2022,2022-10-30,00:52,Assault,NO,0
2022,2022-10-31,18:00,Uttering Threats - Bodily Harm,YES,18
2022,2022-10-31,16:49,Assault,YES,16
2022,2022-10-31,16:40,Criminal Harassment,YES,16
2022,2022-11-01,05:00,Mischief Under $5000,YES,5
2022,2022-11-03,12:00,"Mischief To Religious Property, Educational Institutions, Etc.",NO,12
2022,2022-11-03,21:00,Mischief Under $5000,NO,21
2022,2022-11-05,18:11,Mischief Under $5000,NO,18
2022,2022-11-06,19:45,Mischief Under $5000,NO,19
2022,2022-11-07,09:17,Mischief Under $5000,NO,9
2022,2022-11-07,18:34,Criminal Harassment,NO,18
2022,2022-11-09,11:05,Mischief Under $5000,NO,11
2022,2022-11-11,18:00,Mischief Under $5000,NO,18
2022,2022-11-12,20:00,Mischief Under $5000,NO,20
2022,2022-11-13,12:25,Criminal Harassment,YES,12
2022,2022-11-13,12:00,Uttering Threats - Bodily Harm,YES,12
2022,2022-11-14,12:57,Assault With a Weapon,YES,12
2022,2022-11-16,06:31,Assault,NO,6
2022,2022-11-23,17:25,Assault,YES,17
2022,2022-11-24,09:00,Mischief Interfere With Property,NO,9
2022,2022-11-27,01:00,Mischief Under $5000,NO,1
2022,2022-11-28,08:00,Mischief Under $5000,NO,8
2022,2022-12-01,19:05,Uttering Threats - Bodily Harm,YES,19
2022,2022-12-04,15:59,Assault,NO,15
2022,2022-12-05,11:53,Robbery,YES,11
2022,2022-12-06,17:15,Mischief Under $5000,NO,17
2022,2022-12-09,23:00,"Mischief To Religious Property, Educational Institutions, Etc.",NO,23
2022,2022-12-09,15:30,Mischief Under $5000,NO,15
2022,2022-12-11,06:52,Assault With a Weapon,NO,6
2022,2022-12-12,11:25,Mischief Under $5000,NO,11
2022,2022-12-16,17:00,Uttering Threats - Bodily Harm,NO,17
2022,2022-12-20,10:00,Mischief Under $5000,NO,10
2022,2022-12-21,14:00,Mischief Under $5000,NO,14
2022,2022-12-21,13:58,Mischief Under $5000,NO,13
2022,2022-12-22,10:53,Mischief Under $5000,NO,10
2022,2022-12-23,15:00,Harassing Communications,YES,15
2022,2022-12-23,00:01,Mischief Under $5000,NO,0
2022,2022-12-25,10:30,Harassing Communications,NO,10
2022,2022-12-26,13:42,Uttering Threats - Bodily Harm,YES,13
2022,2022-12-28,14:40,Assault,YES,14
2022,2022-12-30,09:42,Mischief Under $5000,NO,9
2023,2023-01-01,00:01,Mischief Under $5000,NO,0
2023,2023-01-01,07:40,Assault,NO,7
2023,2023-01-02,22:40,Mischief Under $5000,NO,22
2023,2023-01-02,13:20,Assault,NO,13
2023,2023-01-03,15:44,Mischief Under $5000,NO,15
2023,2023-01-03,13:29,Mischief Under $5000,NO,13
2023,2023-01-14,22:30,Mischief Under $5000,NO,22
2023,2023-01-15,15:30,Mischief Under $5000,NO,15
2023,2023-01-17,13:52,Mischief Under $5000,NO,13
2023,2023-01-18,15:02,"Mischief To Religious Property, Educational Institutions, Etc.",NO,15
2023,2023-01-18,08:40,Assault,YES,8
2023,2023-01-27,12:00,Mischief Under $5000,NO,12
2023,2023-01-28,12:56,Mischief Under $5000,NO,12
2023,2023-01-28,20:00,Mischief Under $5000,NO,20
2023,2023-01-29,21:32,Assault,YES,21
2023,2023-01-30,08:44,Uttering Threats - Bodily Harm,YES,8
2023,2023-02-03,17:00,Mischief Under $5000,NO,17
2023,2023-02-03,11:30,Mischief Under $5000,NO,11
2023,2023-02-04,21:56,Theft,NO,21
2023,2023-02-07,20:55,Mischief Under $5000,NO,20
2023,2023-02-08,16:00,Assault,YES,16
2023,2023-02-08,17:45,Assault,NO,17
2023,2023-02-10,03:09,Criminal Harassment,NO,3
2023,2023-02-11,23:15,Assault,NO,23
2023,2023-02-12,15:34,Assault With a Weapon,YES,15
2023,2023-02-12,00:00,Mischief Under $5000,NO,0
2023,2023-02-13,08:00,Mischief Under $5000,NO,8
2023,2023-02-13,00:01,Mischief Under $5000,NO,0
2023,2023-02-15,00:29,Mischief Under $5000,NO,0
2023,2023-02-15,07:00,Mischief Under $5000,NO,7
2023,2023-02-18,10:30,Assault With a Weapon,YES,10
2023,2023-02-20,21:31,Mischief Under $5000,YES,21
2023,2023-02-21,15:30,Mischief Under $5000,NO,15
2023,2023-02-23,16:28,Harassing Communications,NO,16
2023,2023-02-25,19:09,Mischief Under $5000,YES,19
2023,2023-03-01,09:00,Mischief Under $5000,NO,9
2023,2023-03-01,10:00,Uttering Threats - Bodily Harm,YES,10
2023,2023-03-03,05:30,Assault,NO,5
2023,2023-03-06,09:30,Assault,NO,9
2023,2023-03-09,16:45,Assault With a Weapon,YES,16
2023,2023-03-10,06:30,Assault,YES,6
2023,2023-03-10,13:00,Mischief Under $5000,NO,13
2023,2023-03-10,15:00,Mischief Under $5000,NO,15
2023,2023-03-12,22:00,Assault Causing Bodily Harm,NO,22
2023,2023-03-13,12:00,Mischief Under $5000,NO,12
2023,2023-03-14,17:02,Mischief Under $5000,NO,17
2023,2023-03-14,13:16,Assault,YES,13
2023,2023-03-16,18:31,Harassing Communications,NO,18
2023,2023-03-19,13:50,Assault With a Weapon,NO,13
2023,2023-03-20,12:48,Uttering Threats - Bodily Harm,NO,12
2023,2023-03-21,18:00,Assault,NO,18
2023,2023-03-22,10:30,Mischief Interfere With Property,NO,10
2023,2023-03-22,11:00,Mischief Under $5000,NO,11
2023,2023-03-24,15:00,Assault,NO,15
2023,2023-03-27,10:00,Mischief Under $5000,NO,10
2023,2023-03-28,10:08,Mischief Under $5000,NO,10
2023,2023-03-29,23:00,"Mischief To Religious Property, Educational Institutions, Etc.",NO,23
2023,2023-03-29,13:30,Mischief Under $5000,NO,13
2023,2023-03-30,20:00,Harassing Communications,NO,20
2023,2023-03-31,23:00,Assault,NO,23
2023,2023-04-02,18:10,Mischief Under $5000,NO,18
2023,2023-04-03,08:00,Mischief Under $5000,NO,8
2023,2023-04-03,23:45,Mischief Under $5000,NO,23
2023,2023-04-04,20:53,Mischief Under $5000,NO,20
2023,2023-04-05,10:00,Mischief Under $5000,NO,10
2023,2023-04-05,14:35,Assault,NO,14
2023,2023-04-05,04:30,Mischief Under $5000,NO,4
2023,2023-04-05,11:00,Criminal Harassment,NO,11
2023,2023-04-06,05:35,Dangerous Operation Motor Vehicle,YES,5
2023,2023-04-06,15:33,Criminal Harassment,YES,15
2023,2023-04-06,05:30,Assault With a Weapon,NO,5
2023,2023-04-09,12:15,Uttering Threats - Bodily Harm,YES,12
2023,2023-04-10,12:00,Mischief Under $5000,NO,12
2023,2023-04-11,08:34,Mischief Under $5000,NO,8
2023,2023-04-11,08:00,Mischief Under $5000,NO,8
2023,2023-04-12,20:00,Mischief Under $5000,NO,20
2023,2023-04-13,00:01,Mischief Under $5000,NO,0
2023,2023-04-13,19:30,Mischief Under $5000,NO,19
2023,2023-04-14,22:00,Firearms Related Offence,NO,22
2023,2023-04-14,09:28,Mischief Under $5000,NO,9
2023,2023-04-14,12:53,Assault With a Weapon,YES,12
2023,2023-04-14,19:34,Assault With a Weapon,YES,19
2023,2023-04-15,12:00,Mischief Under $5000,NO,12
2023,2023-04-17,02:49,Mischief Under $5000,NO,2
2023,2023-04-17,12:00,Mischief Under $5000,NO,12
2023,2023-04-18,07:25,Mischief Under $5000,NO,7
2023,2023-04-18,10:00,Disturbing Religious Worship Or Certain Meetings,NO,10
2023,2023-04-18,10:00,Mischief Interfere With Property,NO,10
2023,2023-04-20,23:00,Mischief Under $5000,NO,23
2023,2023-04-20,18:30,Assault,YES,18
2023,2023-04-20,22:25,Assault,NO,22
2023,2023-04-21,12:00,Mischief Under $5000,NO,12
2023,2023-04-22,23:30,Uttering Threats - Bodily Harm,NO,23
2023,2023-04-24,10:00,Uttering Threats - Bodily Harm,NO,10
2023,2023-04-25,17:00,Mischief Under $5000,NO,17
2023,2023-04-26,16:00,Uttering Threats - Bodily Harm,NO,16
2023,2023-04-27,14:00,Mischief Under $5000,NO,14
2023,2023-05-01,19:29,Uttering Threats - Bodily Harm,YES,19
2023,2023-05-03,19:45,Assault,YES,19
2023,2023-05-04,12:40,Mischief Under $5000,NO,12
2023,2023-05-06,22:00,Uttering Threats - Bodily Harm,NO,22
2023,2023-05-08,09:49,Uttering Threats - Bodily Harm,NO,9
2023,2023-05-09,21:30,Mischief Under $5000,NO,21
2023,2023-05-09,00:00,Mischief Under $5000,NO,0
2023,2023-05-10,00:00,Fail To Comply Probation,YES,0
2023,2023-05-13,14:57,Assault,NO,14
2023,2023-05-14,18:15,Criminal Harassment,YES,18
2023,2023-05-15,15:15,Mischief Under $5000,NO,15
2023,2023-05-16,12:40,Mischief Under $5000,NO,12
2023,2023-05-16,08:06,Mischief Under $5000,NO,8
2023,2023-05-17,18:00,Harassing Communications,NO,18
2023,2023-05-17,14:00,Assault,NO,14
2023,2023-05-18,10:51,Mischief Under $5000,NO,10
2023,2023-05-22,00:00,Mischief Under $5000,NO,0
2023,2023-05-22,22:00,Mischief Under $5000,NO,22
2023,2023-05-22,00:00,Uttering Threats - Bodily Harm,NO,0
2023,2023-05-23,09:40,Assault,NO,9
2023,2023-05-23,12:00,Mischief Under $5000,NO,12
2023,2023-05-24,18:50,Mischief Under $5000,NO,18
2023,2023-05-25,12:38,Mischief Under $5000,NO,12
2023,2023-05-25,08:30,Harassing Communications,NO,8
2023,2023-05-26,21:27,Assault,YES,21
2023,2023-05-26,14:25,Wilful Promotion of Hatred,NO,14
2023,2023-05-26,09:20,Assault,NO,9
2023,2023-05-26,15:00,Mischief Interfere With Property,NO,15
2023,2023-06-01,07:00,Mischief Under $5000,NO,7
2023,2023-06-02,21:00,Mischief Under $5000,NO,21
2023,2023-06-02,09:16,Mischief Under $5000,NO,9
2023,2023-06-02,23:00,Mischief Under $5000,NO,23
2023,2023-06-03,22:30,Uttering Threats - Bodily Harm,NO,22
2023,2023-06-03,03:13,Assault,NO,3
2023,2023-06-03,01:30,Assault,NO,1
2023,2023-06-05,18:30,Mischief Interfere With Property,NO,18
2023,2023-06-05,12:00,Mischief Under $5000,NO,12
2023,2023-06-06,21:46,Mischief Under $5000,NO,21
2023,2023-06-07,12:54,Assault,NO,12
2023,2023-06-08,11:59,Mischief Under $5000,NO,11
2023,2023-06-08,14:00,Assault With a Weapon,YES,14
2023,2023-06-09,12:00,Assault,YES,12
2023,2023-06-09,00:00,Mischief Under $5000,NO,0
2023,2023-06-10,19:30,Uttering Threats - Bodily Harm,YES,19
2023,2023-06-10,14:08,Assault,NO,14
2023,2023-06-11,11:40,Uttering Threats - Bodily Harm,NO,11
2023,2023-06-11,11:19,Mischief Under $5000,NO,11
2023,2023-06-11,23:30,Uttering Threats - Bodily Harm,NO,23
2023,2023-06-12,15:32,Assault,NO,15
2023,2023-06-12,17:21,Harassing Communications,NO,17
2023,2023-06-13,17:00,Mischief Under $5000,NO,17
2023,2023-06-15,09:22,Assault With a Weapon,YES,9
2023,2023-06-16,11:26,Mischief Under $5000,NO,11
2023,2023-06-16,12:00,Assault,NO,12
2023,2023-06-17,12:00,Mischief Under $5000,NO,12
2023,2023-06-18,15:22,Assault,NO,15
2023,2023-06-19,15:40,Criminal Harassment,NO,15
2023,2023-06-19,00:00,Mischief Under $5000,NO,0
2023,2023-06-19,10:13,Mischief Under $5000,NO,10
2023,2023-06-19,23:00,Mischief Under $5000,NO,23
2023,2023-06-20,15:37,Criminal Harassment,NO,15
2023,2023-06-22,19:40,Assault,NO,19
2023,2023-06-23,20:37,Wilful Promotion of Hatred,NO,20
2023,2023-06-23,20:07,Assault,NO,20
2023,2023-06-23,20:30,Mischief Under $5000,YES,20
2023,2023-06-25,10:40,Theft,NO,10
2023,2023-06-26,12:48,Mischief Under $5000,NO,12
2023,2023-06-27,09:30,Mischief Under $5000,NO,9
2023,2023-06-28,16:00,Mischief Under $5000,NO,16
2023,2023-06-28,19:10,Mischief Under $5000,NO,19
2023,2023-06-30,16:00,Mischief Under $5000,NO,16
2023,2023-06-30,00:00,Mischief Under $5000,NO,0
2023,2023-07-01,11:20,Harassing Communications,NO,11
2023,2023-07-01,00:00,Assault,YES,0
2023,2023-07-01,19:09,Mischief Under $5000,NO,19
2023,2023-07-01,12:30,Uttering Threats - Bodily Harm,NO,12
2023,2023-07-02,07:00,Mischief Interfere With Property,NO,7
2023,2023-07-02,00:00,Mischief Under $5000,NO,0
2023,2023-07-03,17:35,Mischief Under $5000,NO,17
2023,2023-07-06,02:01,Mischief Under $5000,NO,2
2023,2023-07-06,19:16,Mischief Under $5000,NO,19
2023,2023-07-07,12:30,Mischief Under $5000,NO,12
2023,2023-07-08,21:28,Uttering Threats - Bodily Harm,NO,21
2023,2023-07-09,16:00,Mischief Under $5000,NO,16
2023,2023-07-09,13:30,Uttering Threats - Bodily Harm,NO,13
2023,2023-07-10,18:03,Uttering Threats - Bodily Harm,NO,18
2023,2023-07-13,13:08,Mischief Under $5000,NO,13
2023,2023-07-15,10:54,Mischief Under $5000,NO,10
2023,2023-07-18,00:00,Mischief Under $5000,NO,0
2023,2023-07-19,18:00,Mischief Under $5000,NO,18
2023,2023-07-19,10:12,Assault,NO,10
2023,2023-07-20,20:23,Aggravated Assault,YES,20
2023,2023-07-21,20:01,Mischief Under $5000,NO,20
2023,2023-07-23,13:00,Uttering Threats - Bodily Harm,YES,13
2023,2023-07-23,00:00,Mischief Under $5000,NO,0
2023,2023-07-25,11:30,Mischief Under $5000,NO,11
2023,2023-07-26,17:35,Uttering Threats - Bodily Harm,NO,17
2023,2023-07-26,01:50,Mischief Under $5000,NO,1
2023,2023-07-27,19:23,Uttering Threats - Bodily Harm,YES,19
2023,2023-07-29,19:00,Mischief Under $5000,NO,19
2023,2023-07-29,13:46,Assault,NO,13
2023,2023-08-01,13:37,Uttering Threats - Property,YES,13
2023,2023-08-03,18:30,Mischief Under $5000,NO,18
2023,2023-08-05,10:00,Mischief Under $5000,NO,10
2023,2023-08-08,09:45,Mischief Under $5000,NO,9
2023,2023-08-08,00:00,Mischief Under $5000,NO,0
2023,2023-08-10,00:01,Criminal Harassment,YES,0
2023,2023-08-11,14:54,Uttering Threats - Bodily Harm,NO,14
2023,2023-08-12,01:25,Assault,NO,1
2023,2023-08-14,17:55,Assault,NO,17
2023,2023-08-16,09:14,Harassing Communications,NO,9
2023,2023-08-21,21:42,Mischief Under $5000,NO,21
2023,2023-08-26,12:26,Assault With a Weapon,YES,12
2023,2023-08-26,01:17,Assault,NO,1
2023,2023-08-27,00:00,Mischief Under $5000,NO,0
2023,2023-08-27,22:08,Mischief Under $5000,NO,22
2023,2023-08-28,02:00,Mischief Under $5000,NO,2
2023,2023-08-28,22:00,Mischief Under $5000,NO,22
2023,2023-08-30,16:07,Uttering Threats - Bodily Harm,YES,16
2023,2023-08-31,00:00,Mischief Under $5000,NO,0
2023,2023-09-02,21:00,"Mischief To Religious Property, Educational Institutions, Etc.",YES,21
2023,2023-09-02,03:28,Mischief Under $5000,NO,3
2023,2023-09-02,20:53,Uttering Threats - Bodily Harm,NO,20
2023,2023-09-03,12:46,Mischief Under $5000,NO,12
2023,2023-09-03,00:01,Mischief Under $5000,NO,0
2023,2023-09-03,18:28,Mischief Under $5000,NO,18
2023,2023-09-06,23:05,Assault,NO,23
2023,2023-09-07,07:00,Mischief Under $5000,NO,7
2023,2023-09-07,12:00,Mischief Under $5000,NO,12
2023,2023-09-12,15:30,Criminal Harassment,NO,15
2023,2023-09-13,23:00,Mischief Under $5000,NO,23
2023,2023-09-13,15:00,Assault,NO,15
2023,2023-09-15,21:00,Mischief Under $5000,NO,21
2023,2023-09-15,15:30,Mischief Under $5000,NO,15
2023,2023-09-15,13:30,Mischief Under $5000,NO,13
2023,2023-09-16,04:00,Uttering Threats - Bodily Harm,NO,4
2023,2023-09-16,20:30,Mischief Under $5000,NO,20
2023,2023-09-17,03:00,Mischief Under $5000,NO,3
2023,2023-09-17,09:07,Uttering Threats - Bodily Harm,NO,9
2023,2023-09-18,18:00,Mischief Under $5000,NO,18
2023,2023-09-18,19:00,Disturbing Religious Worship Or Certain Meetings,NO,19
2023,2023-09-19,16:44,Mischief Under $5000,NO,16
2023,2023-09-20,16:48,Assault,NO,16
2023,2023-09-21,12:00,Harassing Communications,NO,12
2023,2023-09-21,11:35,Mischief Under $5000,NO,11
2023,2023-09-21,19:00,Mischief Interfere With Property,NO,19
2023,2023-09-25,23:50,Assault,YES,23
2023,2023-09-25,08:30,Mischief Under $5000,NO,8
2023,2023-09-26,17:30,Assault,NO,17
2023,2023-09-27,13:56,Harassing Communications,YES,13
2023,2023-09-29,17:30,Mischief Under $5000,NO,17
2023,2023-09-29,07:00,"Mischief To Religious Property, Educational Institutions, Etc.",NO,7
2023,2023-09-30,20:55,Criminal Harassment,NO,20
2023,2023-09-30,07:00,Harassing Communications,NO,7
2023,2023-10-01,23:56,Theft,NO,23
2023,2023-10-04,19:15,Assault,NO,19
2023,2023-10-06,19:35,"Mischief To Religious Property, Educational Institutions, Etc.",YES,19
2023,2023-10-07,22:27,Uttering Threats - Bodily Harm,YES,22
2023,2023-10-07,19:30,Criminal Harassment,NO,19
2023,2023-10-08,12:30,Harassing Communications,NO,12
2023,2023-10-11,20:36,Uttering Threats - Bodily Harm,NO,20
2023,2023-10-12,12:32,Uttering Threats - Bodily Harm,YES,12
2023,2023-10-12,06:45,"Mischief To Religious Property, Educational Institutions, Etc.",YES,6
2023,2023-10-15,01:53,Uttering Threats - Bodily Harm,NO,1
2023,2023-10-15,00:00,Mischief Under $5000,NO,0
2023,2023-10-15,03:41,Uttering Threats - Bodily Harm,NO,3
2023,2023-10-15,11:04,Mischief Under $5000,NO,11
2023,2023-10-15,16:00,Mischief Under $5000,NO,16
2023,2023-10-15,22:05,Assault With a Weapon,NO,22
2023,2023-10-16,08:30,Mischief Under $5000,NO,8
2023,2023-10-16,22:26,Uttering Threats - Bodily Harm,NO,22
2023,2023-10-17,21:00,Mischief Under $5000,NO,21
2023,2023-10-17,15:09,Uttering Threats - Bodily Harm,NO,15
2023,2023-10-17,16:00,Mischief Under $5000,NO,16
2023,2023-10-20,17:47,Indecent Communications,NO,17
2023,2023-10-20,18:00,Mischief Under $5000,NO,18
2023,2023-10-20,18:10,Assault With a Weapon,NO,18
2023,2023-10-20,00:00,Mischief Under $5000,NO,0
2023,2023-10-21,18:26,Mischief Under $5000,NO,18
2023,2023-10-21,22:50,Mischief Under $5000,NO,22
2023,2023-10-21,18:30,Assault,NO,18
2023,2023-10-22,12:00,Mischief Under $5000,NO,12
2023,2023-10-25,08:59,Assault,YES,8
2023,2023-10-25,16:00,Mischief Under $5000,NO,16
2023,2023-10-25,12:00,Mischief Under $5000,NO,12
2023,2023-10-26,12:00,Mischief Under $5000,NO,12
2023,2023-10-26,21:55,Mischief Under $5000,NO,21
2023,2023-10-27,19:51,Assault,NO,19
2023,2023-10-27,15:10,Uttering Threats - Bodily Harm,YES,15
2023,2023-10-28,19:25,Uttering Threats - Property,NO,19
2023,2023-10-29,15:00,Assault,NO,15
2023,2023-10-29,19:50,Mischief Under $5000,NO,19
2023,2023-10-30,11:00,Disturbing Religious Worship Or Certain Meetings,NO,11
2023,2023-10-30,15:20,Assault,NO,15
2023,2023-10-31,12:58,Assault With a Weapon,YES,12
2023,2023-10-31,18:26,Mischief Under $5000,NO,18
2023,2023-11-01,16:30,Uttering Threats - Bodily Harm,NO,16
2023,2023-11-01,08:25,Mischief Interfere With Property,NO,8
2023,2023-11-01,12:47,Uttering Threats - Bodily Harm,NO,12
2023,2023-11-02,19:24,Assault,YES,19
2023,2023-11-02,14:22,Mischief Under $5000,NO,14
2023,2023-11-02,00:00,Assault,NO,0
2023,2023-11-02,12:00,Criminal Harassment,NO,12
2023,2023-11-05,07:52,Assault,NO,7
2023,2023-11-05,12:30,Assault With a Weapon,YES,12
2023,2023-11-05,07:30,Harassing Communications,NO,7
2023,2023-11-05,20:00,Mischief Under $5000,NO,20
2023,2023-11-05,12:00,Criminal Harassment,NO,12
2023,2023-11-06,17:45,Mischief Interfere With Property,NO,17
2023,2023-11-06,08:00,Mischief Under $5000,NO,8
2023,2023-11-06,17:03,Indecent Communications,NO,17
2023,2023-11-08,12:55,Assault With a Weapon,YES,12
2023,2023-11-08,11:31,Mischief Under $5000,NO,11
2023,2023-11-09,13:59,Mischief Under $5000,NO,13
2023,2023-11-09,09:52,Mischief Under $5000,NO,9
2023,2023-11-10,19:53,Criminal Harassment,NO,19
2023,2023-11-10,00:22,Mischief Under $5000,NO,0
2023,2023-11-11,20:30,Harassing Communications,NO,20
2023,2023-11-13,17:30,Assault With a Weapon,YES,17
2023,2023-11-15,07:50,Assault With a Weapon,YES,7
2023,2023-11-15,04:26,Assault With a Weapon,YES,4
2023,2023-11-16,12:00,Mischief Under $5000,NO,12
2023,2023-11-17,00:59,Mischief Under $5000,NO,0
2023,2023-11-17,16:29,Mischief Under $5000,NO,16
2023,2023-11-17,11:25,Uttering Threats - Bodily Harm,NO,11
2023,2023-11-18,06:50,Assault With a Weapon,YES,6
2023,2023-11-19,22:47,"Mischief To Religious Property, Educational Institutions, Etc.",NO,22
2023,2023-11-20,13:31,Harassing Communications,NO,13
2023,2023-11-20,19:00,Mischief Under $5000,NO,19
2023,2023-11-20,14:56,Mischief Under $5000,NO,14
2023,2023-11-21,15:14,Mischief Under $5000,NO,15
2023,2023-11-22,11:00,Mischief Under $5000,NO,11
2023,2023-11-22,08:52,Mischief Under $5000,NO,8
2023,2023-11-22,10:30,Mischief Under $5000,NO,10
2023,2023-11-24,18:25,Assault With a Weapon,NO,18
2023,2023-11-24,00:00,Mischief Under $5000,NO,0
2023,2023-11-24,00:00,Mischief Under $5000,NO,0
2023,2023-11-27,10:02,Uttering Threats - Bodily Harm,NO,10
2023,2023-11-30,21:19,Indecent Communications,NO,21
2023,2023-11-30,01:00,Mischief Under $5000,NO,1
2023,2023-12-01,06:09,Uttering Threats - Bodily Harm,YES,6
2023,2023-12-02,18:12,Mischief Interfere With Property,YES,18
2023,2023-12-02,22:55,Mischief Interfere With Property,YES,22
2023,2023-12-04,13:31,Mischief Under $5000,NO,13
2023,2023-12-05,03:17,Mischief Under $5000,NO,3
2023,2023-12-06,06:08,Mischief Under $5000,NO,6
2023,2023-12-07,21:00,Uttering Threats - Bodily Harm,NO,21
2023,2023-12-07,10:45,Harassing Communications,NO,10
2023,2023-12-10,05:37,Mischief Under $5000,YES,5
2023,2023-12-11,14:00,Mischief Under $5000,NO,14
2023,2023-12-12,23:01,Mischief Under $5000,NO,23
2023,2023-12-14,10:49,Mischief Under $5000,NO,10
2023,2023-12-14,14:15,Assault,NO,14
2023,2023-12-15,22:00,Uttering Threats - Bodily Harm,YES,22
2023,2023-12-17,20:00,Uttering Threats - Bodily Harm,NO,20
2023,2023-12-18,09:40,Mischief Interfere With Property,YES,9
2023,2023-12-19,15:33,Mischief Under $5000,NO,15
2023,2023-12-19,17:15,Assault,NO,17
2023,2023-12-20,15:15,Uttering Threats - Bodily Harm,YES,15
2023,2023-12-21,12:22,Mischief Under $5000,NO,12
2023,2023-12-24,13:15,Uttering Threats - Bodily Harm,YES,13
2023,2023-12-24,22:25,Mischief Under $5000,NO,22
2023,2023-12-25,08:53,Assault,YES,8
2023,2023-12-28,22:15,Uttering Threats - Bodily Harm,YES,22
2023,2023-12-29,17:50,Assault,NO,17
2023,2023-12-29,12:20,Assault,NO,12
2023,2023-12-30,01:38,Mischief Interfere With Property,NO,1
2023,2023-12-30,15:12,Uttering Threats - Bodily Harm,YES,15
